01/11/20 00:00:00,10
01/11/20 12:00:00,2
02/11/20 00:00:00,6
02/11/20 12:00:00,6
03/11/20 00:00:00,7
03/11/20 12:00:00,8
04/11/20 00:00:00,12
04/11/20 12:00:00,2
05/11/20 00:00:00,9
05/11/20 12:00:00,16
06/11/20 00:00:00,16
06/11/20 12:00:00,9
07/11/20 00:00:00,5
07/11/20 12:00:00,10
08/11/20 00:00:00,14
08/11/20 12:00:00,12
09/11/20 00:00:00,17
09/11/20 12:00:00,18
10/11/20 00:00:00,9
10/11/20 12:00:00,19
11/11/20 00:00:00,18
11/11/20 12:00:00,20
12/11/20 00:00:00,20
12/11/20 12:00:00,13
13/11/20 00:00:00,20
13/11/20 12:00:00,11
14/11/20 00:00:00,18
14/11/20 12:00:00,23
15/11/20 00:00:00,15
15/11/20 12:00:00,9
16/11/20 00:00:00,18
16/11/20 12:00:00,26
17/11/20 00:00:00,28
17/11/20 12:00:00,36
18/11/20 00:00:00,29
18/11/20 12:00:00,27
19/11/20 00:00:00,37
19/11/20 12:00:00,40
20/11/20 00:00:00,47
20/11/20 12:00:00,52
21/11/20 00:00:00,45
21/11/20 12:00:00,39
22/11/20 00:00:00,39
22/11/20 12:00:00,30
23/11/20 00:00:00,28
23/11/20 12:00:00,22
24/11/20 00:00:00,16
24/11/20 12:00:00,24
25/11/20 00:00:00,21
25/11/20 12:00:00,20
26/11/20 00:00:00,28
26/11/20 12:00:00,31
27/11/20 00:00:00,24
27/11/20 12:00:00,16
28/11/20 00:00:00,16
28/11/20 12:00:00,26
29/11/20 00:00:00,20
29/11/20 12:00:00,26
30/11/20 00:00:00,32
30/11/20 12:00:00,23
01/12/20 00:00:00,22
01/12/20 12:00:00,23
02/12/20 00:00:00,27
02/12/20 12:00:00,27
03/12/20 00:00:00,23
03/12/20 12:00:00,20
04/12/20 00:00:00,14
04/12/20 12:00:00,24
05/12/20 00:00:00,15
05/12/20 12:00:00,6
06/12/20 00:00:00,12
06/12/20 12:00:00,17
07/12/20 00:00:00,20
07/12/20 12:00:00,10
08/12/20 00:00:00,1
08/12/20 12:00:00,-6
09/12/20 00:00:00,-2
09/12/20 12:00:00,-1
10/12/20 00:00:00,-6
10/12/20 12:00:00,-11
11/12/20 00:00:00,-10
11/12/20 12:00:00,-16
12/12/20 00:00:00,-11
12/12/20 12:00:00,-12
13/12/20 00:00:00,-8
13/12/20 12:00:00,-5
14/12/20 00:00:00,-13
14/12/20 12:00:00,-9
15/12/20 00:00:00,-3
15/12/20 12:00:00,-1
16/12/20 00:00:00,-4
16/12/20 12:00:00,-4
17/12/20 00:00:00,-5
17/12/20 12:00:00,-7
18/12/20 00:00:00,-1
18/12/20 12:00:00,0
19/12/20 00:00:00,6
19/12/20 12:00:00,11
20/12/20 00:00:00,6
20/12/20 12:00:00,1
21/12/20 00:00:00,-7
21/12/20 12:00:00,-16
22/12/20 00:00:00,-11
22/12/20 12:00:00,-14
23/12/20 00:00:00,-12
23/12/20 12:00:00,-21
24/12/20 00:00:00,-23
24/12/20 12:00:00,-22
25/12/20 00:00:00,-27
25/12/20 12:00:00,-20
26/12/20 00:00:00,-21
26/12/20 12:00:00,-12
27/12/20 00:00:00,-12
27/12/20 12:00:00,-6
28/12/20 00:00:00,-8
28/12/20 12:00:00,-6
29/12/20 00:00:00,-1
29/12/20 12:00:00,-6
30/12/20 00:00:00,1
30/12/20 12:00:00,-6
31/12/20 00:00:00,0
31/12/20 12:00:00,8
01/01/21 00:00:00,14
01/01/21 12:00:00,12
02/01/21 00:00:00,16
02/01/21 12:00:00,6
03/01/21 00:00:00,13
03/01/21 12:00:00,18
04/01/21 00:00:00,15
04/01/21 12:00:00,10
05/01/21 00:00:00,12
05/01/21 12:00:00,21
06/01/21 00:00:00,13
06/01/21 12:00:00,15
07/01/21 00:00:00,17
07/01/21 12:00:00,13
08/01/21 00:00:00,18
08/01/21 12:00:00,22
09/01/21 00:00:00,16
09/01/21 12:00:00,18
10/01/21 00:00:00,14
10/01/21 12:00:00,7
11/01/21 00:00:00,11
11/01/21 12:00:00,21
12/01/21 00:00:00,14
12/01/21 12:00:00,14
13/01/21 00:00:00,8
13/01/21 12:00:00,16
14/01/21 00:00:00,6
14/01/21 12:00:00,6
15/01/21 00:00:00,8
15/01/21 12:00:00,13
16/01/21 00:00:00,3
16/01/21 12:00:00,13
17/01/21 00:00:00,18
17/01/21 12:00:00,21
18/01/21 00:00:00,19
18/01/21 12:00:00,29
19/01/21 00:00:00,21
19/01/21 12:00:00,15
20/01/21 00:00:00,11
20/01/21 12:00:00,12
21/01/21 00:00:00,6
21/01/21 12:00:00,9
22/01/21 00:00:00,3
22/01/21 12:00:00,5
23/01/21 00:00:00,13
23/01/21 12:00:00,16
24/01/21 00:00:00,16
24/01/21 12:00:00,17
25/01/21 00:00:00,12
25/01/21 12:00:00,9
26/01/21 00:00:00,10
26/01/21 12:00:00,12
27/01/21 00:00:00,11
27/01/21 12:00:00,4
28/01/21 00:00:00,5
28/01/21 12:00:00,4
29/01/21 00:00:00,0
29/01/21 12:00:00,-1
30/01/21 00:00:00,-1
30/01/21 12:00:00,6
31/01/21 00:00:00,3
31/01/21 12:00:00,11
01/02/21 00:00:00,4
01/02/21 12:00:00,-1
02/02/21 00:00:00,-9
02/02/21 12:00:00,-10
03/02/21 00:00:00,-9
03/02/21 12:00:00,-18
04/02/21 00:00:00,-18
04/02/21 12:00:00,-15
05/02/21 00:00:00,-10
05/02/21 12:00:00,-19
06/02/21 00:00:00,-20
06/02/21 12:00:00,-28
07/02/21 00:00:00,-36
07/02/21 12:00:00,-43
08/02/21 00:00:00,-38
08/02/21 12:00:00,-28
09/02/21 00:00:00,-19
09/02/21 12:00:00,-22
10/02/21 00:00:00,-30
10/02/21 12:00:00,-39
11/02/21 00:00:00,-32
11/02/21 12:00:00,-38
12/02/21 00:00:00,-35
12/02/21 12:00:00,-29
13/02/21 00:00:00,-30
13/02/21 12:00:00,-39
14/02/21 00:00:00,-29
14/02/21 12:00:00,-22
15/02/21 00:00:00,-22
15/02/21 12:00:00,-14
16/02/21 00:00:00,-14
16/02/21 12:00:00,-20
17/02/21 00:00:00,-17
17/02/21 12:00:00,-24
18/02/21 00:00:00,-16
18/02/21 12:00:00,-6
19/02/21 00:00:00,-11
19/02/21 12:00:00,-10
20/02/21 00:00:00,-11
20/02/21 12:00:00,-1
21/02/21 00:00:00,-5
21/02/21 12:00:00,-4
22/02/21 00:00:00,-2
22/02/21 12:00:00,1
23/02/21 00:00:00,3
23/02/21 12:00:00,0
24/02/21 00:00:00,3
24/02/21 12:00:00,-5
25/02/21 00:00:00,-14
25/02/21 12:00:00,-23
26/02/21 00:00:00,-19
26/02/21 12:00:00,-18
27/02/21 00:00:00,-23
27/02/21 12:00:00,-32
28/02/21 00:00:00,-27
28/02/21 12:00:00,-20
01/03/21 00:00:00,-11
01/03/21 12:00:00,-14
02/03/21 00:00:00,-18
02/03/21 12:00:00,-25
03/03/21 00:00:00,-33
03/03/21 12:00:00,-28
04/03/21 00:00:00,-27
04/03/21 12:00:00,-27
05/03/21 00:00:00,-34
05/03/21 12:00:00,-44
06/03/21 00:00:00,-46
06/03/21 12:00:00,-47
07/03/21 00:00:00,-47
07/03/21 12:00:00,-40
08/03/21 00:00:00,-46
08/03/21 12:00:00,-51
09/03/21 00:00:00,-44
09/03/21 12:00:00,-35
10/03/21 00:00:00,-36
10/03/21 12:00:00,-45
11/03/21 00:00:00,-36
11/03/21 12:00:00,-28
12/03/21 00:00:00,-37
12/03/21 12:00:00,-34
13/03/21 00:00:00,-38
13/03/21 12:00:00,-47
14/03/21 00:00:00,-46
14/03/21 12:00:00,-51
15/03/21 00:00:00,-49
15/03/21 12:00:00,-39
16/03/21 00:00:00,-47
16/03/21 12:00:00,-52
17/03/21 00:00:00,-57
17/03/21 12:00:00,-64
18/03/21 00:00:00,-61
18/03/21 12:00:00,-68
19/03/21 00:00:00,-73
19/03/21 12:00:00,-73
20/03/21 00:00:00,-80
20/03/21 12:00:00,-70
21/03/21 00:00:00,-72
21/03/21 12:00:00,-63
22/03/21 00:00:00,-57
22/03/21 12:00:00,-67
23/03/21 00:00:00,-66
23/03/21 12:00:00,-61
24/03/21 00:00:00,-62
24/03/21 12:00:00,-63
25/03/21 00:00:00,-72
25/03/21 12:00:00,-78
26/03/21 00:00:00,-75
26/03/21 12:00:00,-77
27/03/21 00:00:00,-73
27/03/21 12:00:00,-69
28/03/21 00:00:00,-71
28/03/21 12:00:00,-67
29/03/21 00:00:00,-76
29/03/21 12:00:00,-73
30/03/21 00:00:00,-65
30/03/21 12:00:00,-68
31/03/21 00:00:00,-72
31/03/21 12:00:00,-69
01/04/21 00:00:00,-72
01/04/21 12:00:00,-66
02/04/21 00:00:00,-67
02/04/21 12:00:00,-67
03/04/21 00:00:00,-57
03/04/21 12:00:00,-55
04/04/21 00:00:00,-53
04/04/21 12:00:00,-62
05/04/21 00:00:00,-64
05/04/21 12:00:00,-59
06/04/21 00:00:00,-49
06/04/21 12:00:00,-51
07/04/21 00:00:00,-47
07/04/21 12:00:00,-47
08/04/21 00:00:00,-56
08/04/21 12:00:00,-46
09/04/21 00:00:00,-41
09/04/21 12:00:00,-49
10/04/21 00:00:00,-56
10/04/21 12:00:00,-46
11/04/21 00:00:00,-49
11/04/21 12:00:00,-59
12/04/21 00:00:00,-56
12/04/21 12:00:00,-56
13/04/21 00:00:00,-52
13/04/21 12:00:00,-59
14/04/21 00:00:00,-69
14/04/21 12:00:00,-75
15/04/21 00:00:00,-77
15/04/21 12:00:00,-87
16/04/21 00:00:00,-93
16/04/21 12:00:00,-84
17/04/21 00:00:00,-81
17/04/21 12:00:00,-75
18/04/21 00:00:00,-81
18/04/21 12:00:00,-72
19/04/21 00:00:00,-71
19/04/21 12:00:00,-80
20/04/21 00:00:00,-86
20/04/21 12:00:00,-91
21/04/21 00:00:00,-92
21/04/21 12:00:00,-93
22/04/21 00:00:00,-83
22/04/21 12:00:00,-87
23/04/21 00:00:00,-83
23/04/21 12:00:00,-93
24/04/21 00:00:00,-97
24/04/21 12:00:00,-102
25/04/21 00:00:00,-94
25/04/21 12:00:00,-99
26/04/21 00:00:00,-92
26/04/21 12:00:00,-95
27/04/21 00:00:00,-96
27/04/21 12:00:00,-96
28/04/21 00:00:00,-105
28/04/21 12:00:00,-107
29/04/21 00:00:00,-113
29/04/21 12:00:00,-119
30/04/21 00:00:00,-115
30/04/21 12:00:00,-106
01/05/21 00:00:00,-111
01/05/21 12:00:00,-105
02/05/21 00:00:00,-115
02/05/21 12:00:00,-107
03/05/21 00:00:00,-98
03/05/21 12:00:00,-104
04/05/21 00:00:00,-103
04/05/21 12:00:00,-112
05/05/21 00:00:00,-102
05/05/21 12:00:00,-105
06/05/21 00:00:00,-112
06/05/21 12:00:00,-109
07/05/21 00:00:00,-112
07/05/21 12:00:00,-121
08/05/21 00:00:00,-116
08/05/21 12:00:00,-113
09/05/21 00:00:00,-114
09/05/21 12:00:00,-119
10/05/21 00:00:00,-123
10/05/21 12:00:00,-115
11/05/21 00:00:00,-113
11/05/21 12:00:00,-116
12/05/21 00:00:00,-123
12/05/21 12:00:00,-126
13/05/21 00:00:00,-122
13/05/21 12:00:00,-119
14/05/21 00:00:00,-110
14/05/21 12:00:00,-101
15/05/21 00:00:00,-104
15/05/21 12:00:00,-103
16/05/21 00:00:00,-101
16/05/21 12:00:00,-107
17/05/21 00:00:00,-102
17/05/21 12:00:00,-109
18/05/21 00:00:00,-119
18/05/21 12:00:00,-113
19/05/21 00:00:00,-103
19/05/21 12:00:00,-102
20/05/21 00:00:00,-104
20/05/21 12:00:00,-95
21/05/21 00:00:00,-88
21/05/21 12:00:00,-87
22/05/21 00:00:00,-87
22/05/21 12:00:00,-94
23/05/21 00:00:00,-91
23/05/21 12:00:00,-100
24/05/21 00:00:00,-94
24/05/21 12:00:00,-102
25/05/21 00:00:00,-97
25/05/21 12:00:00,-107
26/05/21 00:00:00,-111
26/05/21 12:00:00,-117
27/05/21 00:00:00,-123
27/05/21 12:00:00,-118
28/05/21 00:00:00,-127
28/05/21 12:00:00,-129
29/05/21 00:00:00,-137
29/05/21 12:00:00,-147
30/05/21 00:00:00,-146
30/05/21 12:00:00,-154
31/05/21 00:00:00,-156
31/05/21 12:00:00,-164
01/06/21 00:00:00,-161
01/06/21 12:00:00,-153
02/06/21 00:00:00,-154
02/06/21 12:00:00,-149
03/06/21 00:00:00,-153
03/06/21 12:00:00,-143
04/06/21 00:00:00,-139
04/06/21 12:00:00,-139
05/06/21 00:00:00,-131
05/06/21 12:00:00,-126
06/06/21 00:00:00,-124
06/06/21 12:00:00,-133
07/06/21 00:00:00,-125
07/06/21 12:00:00,-127
08/06/21 00:00:00,-119
08/06/21 12:00:00,-110
09/06/21 00:00:00,-104
09/06/21 12:00:00,-95
10/06/21 00:00:00,-87
10/06/21 12:00:00,-92
11/06/21 00:00:00,-85
11/06/21 12:00:00,-79
12/06/21 00:00:00,-81
12/06/21 12:00:00,-83
13/06/21 00:00:00,-86
13/06/21 12:00:00,-79
14/06/21 00:00:00,-73
14/06/21 12:00:00,-81
15/06/21 00:00:00,-89
15/06/21 12:00:00,-85
16/06/21 00:00:00,-80
16/06/21 12:00:00,-70
17/06/21 00:00:00,-70
17/06/21 12:00:00,-73
18/06/21 00:00:00,-82
18/06/21 12:00:00,-74
19/06/21 00:00:00,-66
19/06/21 12:00:00,-69
20/06/21 00:00:00,-74
20/06/21 12:00:00,-67
21/06/21 00:00:00,-71
21/06/21 12:00:00,-63
22/06/21 00:00:00,-65
22/06/21 12:00:00,-65
23/06/21 00:00:00,-62
23/06/21 12:00:00,-64
24/06/21 00:00:00,-73
24/06/21 12:00:00,-80
25/06/21 00:00:00,-76
25/06/21 12:00:00,-86
26/06/21 00:00:00,-88
26/06/21 12:00:00,-91
27/06/21 00:00:00,-87
27/06/21 12:00:00,-78
28/06/21 00:00:00,-75
28/06/21 12:00:00,-80
29/06/21 00:00:00,-74
29/06/21 12:00:00,-83
30/06/21 00:00:00,-78
30/06/21 12:00:00,-87
01/07/21 00:00:00,-78
01/07/21 12:00:00,-77
02/07/21 00:00:00,-86
02/07/21 12:00:00,-86
03/07/21 00:00:00,-96
03/07/21 12:00:00,-98
04/07/21 00:00:00,-92
04/07/21 12:00:00,-93
05/07/21 00:00:00,-83
05/07/21 12:00:00,-88
06/07/21 00:00:00,-88
06/07/21 12:00:00,-90
07/07/21 00:00:00,-95
07/07/21 12:00:00,-88
08/07/21 00:00:00,-80
08/07/21 12:00:00,-90
09/07/21 00:00:00,-89
09/07/21 12:00:00,-97
10/07/21 00:00:00,-89
10/07/21 12:00:00,-98
11/07/21 00:00:00,-105
11/07/21 12:00:00,-110
12/07/21 00:00:00,-120
12/07/21 12:00:00,-130
13/07/21 00:00:00,-126
13/07/21 12:00:00,-130
14/07/21 00:00:00,-138
14/07/21 12:00:00,-146
15/07/21 00:00:00,-142
15/07/21 12:00:00,-148
16/07/21 00:00:00,-150
16/07/21 12:00:00,-145
17/07/21 00:00:00,-148
17/07/21 12:00:00,-151
18/07/21 00:00:00,-142
18/07/21 12:00:00,-138
19/07/21 00:00:00,-139
19/07/21 12:00:00,-147
20/07/21 00:00:00,-138
20/07/21 12:00:00,-134
21/07/21 00:00:00,-128
21/07/21 12:00:00,-122
22/07/21 00:00:00,-129
22/07/21 12:00:00,-129
23/07/21 00:00:00,-124
23/07/21 12:00:00,-134
24/07/21 00:00:00,-142
24/07/21 12:00:00,-146
25/07/21 00:00:00,-140
25/07/21 12:00:00,-143
26/07/21 00:00:00,-140
26/07/21 12:00:00,-131
27/07/21 00:00:00,-131
27/07/21 12:00:00,-124
28/07/21 00:00:00,-129
28/07/21 12:00:00,-120
29/07/21 00:00:00,-115
29/07/21 12:00:00,-110
30/07/21 00:00:00,-100
30/07/21 12:00:00,-94
31/07/21 00:00:00,-91
31/07/21 12:00:00,-81
01/08/21 00:00:00,-77
01/08/21 12:00:00,-80
02/08/21 00:00:00,-77
02/08/21 12:00:00,-86
03/08/21 00:00:00,-93
03/08/21 12:00:00,-92
04/08/21 00:00:00,-82
04/08/21 12:00:00,-90
05/08/21 00:00:00,-94
05/08/21 12:00:00,-103
06/08/21 00:00:00,-113
06/08/21 12:00:00,-122
07/08/21 00:00:00,-126
07/08/21 12:00:00,-131
08/08/21 00:00:00,-131
08/08/21 12:00:00,-128
09/08/21 00:00:00,-124
09/08/21 12:00:00,-134
10/08/21 00:00:00,-124
10/08/21 12:00:00,-124
11/08/21 00:00:00,-117
11/08/21 12:00:00,-113
12/08/21 00:00:00,-106
12/08/21 12:00:00,-107
13/08/21 00:00:00,-111
13/08/21 12:00:00,-118
14/08/21 00:00:00,-108
14/08/21 12:00:00,-100
15/08/21 00:00:00,-104
15/08/21 12:00:00,-107
16/08/21 00:00:00,-110
16/08/21 12:00:00,-110
17/08/21 00:00:00,-118
17/08/21 12:00:00,-114
18/08/21 00:00:00,-118
18/08/21 12:00:00,-123
19/08/21 00:00:00,-132
19/08/21 12:00:00,-132
20/08/21 00:00:00,-141
20/08/21 12:00:00,-133
21/08/21 00:00:00,-124
21/08/21 12:00:00,-126
22/08/21 00:00:00,-135
22/08/21 12:00:00,-130
23/08/21 00:00:00,-120
23/08/21 12:00:00,-120
24/08/21 00:00:00,-117
24/08/21 12:00:00,-125
25/08/21 00:00:00,-115
25/08/21 12:00:00,-106
26/08/21 00:00:00,-101
26/08/21 12:00:00,-95
27/08/21 00:00:00,-85
27/08/21 12:00:00,-95
28/08/21 00:00:00,-95
28/08/21 12:00:00,-98
29/08/21 00:00:00,-96
29/08/21 12:00:00,-101
30/08/21 00:00:00,-91
30/08/21 12:00:00,-93
31/08/21 00:00:00,-91
31/08/21 12:00:00,-91
01/09/21 00:00:00,-82
01/09/21 12:00:00,-85
02/09/21 00:00:00,-80
02/09/21 12:00:00,-71
03/09/21 00:00:00,-75
03/09/21 12:00:00,-79
04/09/21 00:00:00,-81
04/09/21 12:00:00,-73
05/09/21 00:00:00,-72
05/09/21 12:00:00,-71
06/09/21 00:00:00,-61
06/09/21 12:00:00,-69
07/09/21 00:00:00,-64
07/09/21 12:00:00,-74
08/09/21 00:00:00,-84
08/09/21 12:00:00,-92
09/09/21 00:00:00,-84
09/09/21 12:00:00,-78
10/09/21 00:00:00,-79
10/09/21 12:00:00,-69
11/09/21 00:00:00,-72
11/09/21 12:00:00,-69
12/09/21 00:00:00,-74
12/09/21 12:00:00,-76
13/09/21 00:00:00,-69
13/09/21 12:00:00,-78
14/09/21 00:00:00,-83
14/09/21 12:00:00,-81
15/09/21 00:00:00,-72
15/09/21 12:00:00,-81
16/09/21 00:00:00,-90
16/09/21 12:00:00,-83
17/09/21 00:00:00,-90
17/09/21 12:00:00,-92
18/09/21 00:00:00,-87
18/09/21 12:00:00,-86
19/09/21 00:00:00,-88
19/09/21 12:00:00,-82
20/09/21 00:00:00,-74
20/09/21 12:00:00,-68
21/09/21 00:00:00,-71
21/09/21 12:00:00,-75
22/09/21 00:00:00,-68
22/09/21 12:00:00,-78
23/09/21 00:00:00,-74
23/09/21 12:00:00,-84
24/09/21 00:00:00,-76
24/09/21 12:00:00,-68
25/09/21 00:00:00,-60
25/09/21 12:00:00,-59
26/09/21 00:00:00,-63
26/09/21 12:00:00,-58
27/09/21 00:00:00,-51
27/09/21 12:00:00,-59
28/09/21 00:00:00,-50
28/09/21 12:00:00,-45
29/09/21 00:00:00,-36
29/09/21 12:00:00,-43
30/09/21 00:00:00,-51
30/09/21 12:00:00,-56
01/10/21 00:00:00,-54
01/10/21 12:00:00,-58
02/10/21 00:00:00,-61
02/10/21 12:00:00,-70
03/10/21 00:00:00,-71
03/10/21 12:00:00,-80
04/10/21 00:00:00,-83
04/10/21 12:00:00,-82
05/10/21 00:00:00,-75
05/10/21 12:00:00,-69
06/10/21 00:00:00,-60
06/10/21 12:00:00,-67
07/10/21 00:00:00,-63
07/10/21 12:00:00,-59
08/10/21 00:00:00,-57
08/10/21 12:00:00,-49
09/10/21 00:00:00,-56
09/10/21 12:00:00,-62
10/10/21 00:00:00,-62
10/10/21 12:00:00,-62
11/10/21 00:00:00,-67
11/10/21 12:00:00,-63
12/10/21 00:00:00,-61
12/10/21 12:00:00,-67
13/10/21 00:00:00,-74
13/10/21 12:00:00,-79
14/10/21 00:00:00,-70
14/10/21 12:00:00,-70
15/10/21 00:00:00,-63
15/10/21 12:00:00,-58
16/10/21 00:00:00,-54
16/10/21 12:00:00,-50
17/10/21 00:00:00,-57
17/10/21 12:00:00,-51
18/10/21 00:00:00,-50
18/10/21 12:00:00,-48
19/10/21 00:00:00,-43
19/10/21 12:00:00,-48
20/10/21 00:00:00,-55
20/10/21 12:00:00,-54
21/10/21 00:00:00,-56
21/10/21 12:00:00,-57
22/10/21 00:00:00,-58
22/10/21 12:00:00,-48
23/10/21 00:00:00,-51
23/10/21 12:00:00,-51
24/10/21 00:00:00,-43
24/10/21 12:00:00,-42
25/10/21 00:00:00,-49
25/10/21 12:00:00,-46
26/10/21 00:00:00,-53
26/10/21 12:00:00,-44
27/10/21 00:00:00,-45
27/10/21 12:00:00,-49
28/10/21 00:00:00,-42
28/10/21 12:00:00,-42
29/10/21 00:00:00,-46
29/10/21 12:00:00,-51
30/10/21 00:00:00,-44
30/10/21 12:00:00,-52
31/10/21 00:00:00,-61
31/10/21 12:00:00,-68
01/11/21 00:00:00,-78
01/11/21 12:00:00,-84
02/11/21 00:00:00,-82
02/11/21 12:00:00,-77
03/11/21 00:00:00,-79
03/11/21 12:00:00,-79
04/11/21 00:00:00,-77
04/11/21 12:00:00,-79
05/11/21 00:00:00,-89
05/11/21 12:00:00,-92
06/11/21 00:00:00,-88
06/11/21 12:00:00,-82
07/11/21 00:00:00,-80
07/11/21 12:00:00,-77
08/11/21 00:00:00,-79
08/11/21 12:00:00,-78
09/11/21 00:00:00,-69
09/11/21 12:00:00,-69
10/11/21 00:00:00,-75
10/11/21 12:00:00,-72
11/11/21 00:00:00,-62
11/11/21 12:00:00,-72
12/11/21 00:00:00,-67
12/11/21 12:00:00,-58
13/11/21 00:00:00,-58
13/11/21 12:00:00,-49
14/11/21 00:00:00,-51
14/11/21 12:00:00,-53
15/11/21 00:00:00,-61
15/11/21 12:00:00,-63
16/11/21 00:00:00,-57
16/11/21 12:00:00,-55
17/11/21 00:00:00,-63
17/11/21 12:00:00,-62
18/11/21 00:00:00,-52
18/11/21 12:00:00,-47
19/11/21 00:00:00,-56
19/11/21 12:00:00,-51
20/11/21 00:00:00,-57
20/11/21 12:00:00,-47
21/11/21 00:00:00,-53
21/11/21 12:00:00,-44
22/11/21 00:00:00,-42
22/11/21 12:00:00,-52
23/11/21 00:00:00,-51
23/11/21 12:00:00,-57
24/11/21 00:00:00,-67
24/11/21 12:00:00,-68
25/11/21 00:00:00,-77
25/11/21 12:00:00,-75
26/11/21 00:00:00,-65
26/11/21 12:00:00,-74
27/11/21 00:00:00,-77
27/11/21 12:00:00,-87
28/11/21 00:00:00,-92
28/11/21 12:00:00,-82
29/11/21 00:00:00,-90
29/11/21 12:00:00,-88
30/11/21 00:00:00,-81
30/11/21 12:00:00,-83
01/12/21 00:00:00,-85
01/12/21 12:00:00,-92
02/12/21 00:00:00,-99
02/12/21 12:00:00,-100
03/12/21 00:00:00,-109
03/12/21 12:00:00,-117
04/12/21 00:00:00,-122
04/12/21 12:00:00,-113
05/12/21 00:00:00,-111
05/12/21 12:00:00,-118
06/12/21 00:00:00,-126
06/12/21 12:00:00,-124
07/12/21 00:00:00,-117
07/12/21 12:00:00,-113
08/12/21 00:00:00,-109
08/12/21 12:00:00,-115
09/12/21 00:00:00,-111
09/12/21 12:00:00,-102
10/12/21 00:00:00,-92
10/12/21 12:00:00,-85
11/12/21 00:00:00,-75
11/12/21 12:00:00,-84
12/12/21 00:00:00,-82
12/12/21 12:00:00,-84
13/12/21 00:00:00,-81
13/12/21 12:00:00,-89
14/12/21 00:00:00,-86
14/12/21 12:00:00,-86
15/12/21 00:00:00,-88
15/12/21 12:00:00,-80
16/12/21 00:00:00,-90
16/12/21 12:00:00,-99
17/12/21 00:00:00,-107
17/12/21 12:00:00,-103
18/12/21 00:00:00,-111
18/12/21 12:00:00,-111
19/12/21 00:00:00,-104
19/12/21 12:00:00,-107
20/12/21 00:00:00,-101
20/12/21 12:00:00,-109
21/12/21 00:00:00,-104
21/12/21 12:00:00,-100
22/12/21 00:00:00,-103
22/12/21 12:00:00,-101
23/12/21 00:00:00,-101
23/12/21 12:00:00,-94
24/12/21 00:00:00,-92
24/12/21 12:00:00,-92
25/12/21 00:00:00,-95
25/12/21 12:00:00,-94
26/12/21 00:00:00,-92
26/12/21 12:00:00,-91
27/12/21 00:00:00,-81
27/12/21 12:00:00,-81
28/12/21 00:00:00,-86
28/12/21 12:00:00,-77
29/12/21 00:00:00,-85
29/12/21 12:00:00,-91
30/12/21 00:00:00,-96
30/12/21 12:00:00,-91
31/12/21 00:00:00,-93
31/12/21 12:00:00,-97
01/01/22 00:00:00,-95
01/01/22 12:00:00,-88
02/01/22 00:00:00,-97
02/01/22 12:00:00,-98
03/01/22 00:00:00,-104
03/01/22 12:00:00,-95
04/01/22 00:00:00,-103
04/01/22 12:00:00,-102
05/01/22 00:00:00,-104
05/01/22 12:00:00,-96
06/01/22 00:00:00,-103
06/01/22 12:00:00,-111
07/01/22 00:00:00,-106
07/01/22 12:00:00,-107
08/01/22 00:00:00,-110
08/01/22 12:00:00,-114
09/01/22 00:00:00,-123
09/01/22 12:00:00,-128
10/01/22 00:00:00,-131
10/01/22 12:00:00,-125
11/01/22 00:00:00,-134
11/01/22 12:00:00,-137
12/01/22 00:00:00,-131
12/01/22 12:00:00,-128
13/01/22 00:00:00,-129
13/01/22 12:00:00,-135
14/01/22 00:00:00,-130
14/01/22 12:00:00,-135
15/01/22 00:00:00,-137
15/01/22 12:00:00,-128
16/01/22 00:00:00,-136
16/01/22 12:00:00,-144
17/01/22 00:00:00,-148
17/01/22 12:00:00,-153
18/01/22 00:00:00,-156
18/01/22 12:00:00,-160
19/01/22 00:00:00,-161
19/01/22 12:00:00,-153
20/01/22 00:00:00,-143
20/01/22 12:00:00,-142
21/01/22 00:00:00,-144
21/01/22 12:00:00,-151
22/01/22 00:00:00,-142
22/01/22 12:00:00,-138
23/01/22 00:00:00,-137
23/01/22 12:00:00,-137
24/01/22 00:00:00,-138
24/01/22 12:00:00,-143
25/01/22 00:00:00,-145
25/01/22 12:00:00,-150
26/01/22 00:00:00,-157
26/01/22 12:00:00,-159
27/01/22 00:00:00,-153
27/01/22 12:00:00,-160
28/01/22 00:00:00,-167
28/01/22 12:00:00,-168
29/01/22 00:00:00,-163
29/01/22 12:00:00,-157
30/01/22 00:00:00,-153
30/01/22 12:00:00,-146
31/01/22 00:00:00,-138
31/01/22 12:00:00,-144
01/02/22 00:00:00,-136
01/02/22 12:00:00,-130
02/02/22 00:00:00,-130
02/02/22 12:00:00,-127
03/02/22 00:00:00,-127
03/02/22 12:00:00,-135
04/02/22 00:00:00,-139
04/02/22 12:00:00,-142
05/02/22 00:00:00,-133
05/02/22 12:00:00,-138
06/02/22 00:00:00,-130
06/02/22 12:00:00,-139
07/02/22 00:00:00,-131
07/02/22 12:00:00,-140
08/02/22 00:00:00,-142
08/02/22 12:00:00,-148
09/02/22 00:00:00,-155
09/02/22 12:00:00,-161
10/02/22 00:00:00,-166
10/02/22 12:00:00,-162
11/02/22 00:00:00,-167
11/02/22 12:00:00,-170
12/02/22 00:00:00,-163
12/02/22 12:00:00,-156
13/02/22 00:00:00,-162
13/02/22 12:00:00,-158
14/02/22 00:00:00,-163
14/02/22 12:00:00,-156
15/02/22 00:00:00,-161
15/02/22 12:00:00,-169
16/02/22 00:00:00,-177
16/02/22 12:00:00,-178
17/02/22 00:00:00,-174
17/02/22 12:00:00,-165
18/02/22 00:00:00,-160
18/02/22 12:00:00,-150
19/02/22 00:00:00,-146
19/02/22 12:00:00,-147
20/02/22 00:00:00,-152
20/02/22 12:00:00,-147
21/02/22 00:00:00,-154
21/02/22 12:00:00,-148
22/02/22 00:00:00,-146
22/02/22 12:00:00,-137
23/02/22 00:00:00,-129
23/02/22 12:00:00,-139
24/02/22 00:00:00,-147
24/02/22 12:00:00,-149
25/02/22 00:00:00,-142
25/02/22 12:00:00,-150
26/02/22 00:00:00,-153
26/02/22 12:00:00,-154
27/02/22 00:00:00,-160
27/02/22 12:00:00,-158
28/02/22 00:00:00,-158
28/02/22 12:00:00,-164
01/03/22 00:00:00,-166
01/03/22 12:00:00,-173
02/03/22 00:00:00,-179
02/03/22 12:00:00,-173
03/03/22 00:00:00,-165
03/03/22 12:00:00,-168
04/03/22 00:00:00,-166
04/03/22 12:00:00,-163
05/03/22 00:00:00,-161
05/03/22 12:00:00,-167
06/03/22 00:00:00,-159
06/03/22 12:00:00,-169
07/03/22 00:00:00,-162
07/03/22 12:00:00,-165
08/03/22 00:00:00,-172
08/03/22 12:00:00,-164
09/03/22 00:00:00,-162
09/03/22 12:00:00,-165
10/03/22 00:00:00,-173
10/03/22 12:00:00,-171
11/03/22 00:00:00,-173
11/03/22 12:00:00,-174
12/03/22 00:00:00,-174
12/03/22 12:00:00,-168
13/03/22 00:00:00,-166
13/03/22 12:00:00,-171
14/03/22 00:00:00,-172
14/03/22 12:00:00,-182
15/03/22 00:00:00,-183
15/03/22 12:00:00,-189
16/03/22 00:00:00,-190
16/03/22 12:00:00,-184
17/03/22 00:00:00,-189
17/03/22 12:00:00,-185
18/03/22 00:00:00,-185
18/03/22 12:00:00,-193
19/03/22 00:00:00,-187
19/03/22 12:00:00,-195
20/03/22 00:00:00,-185
20/03/22 12:00:00,-186
21/03/22 00:00:00,-188
21/03/22 12:00:00,-189
22/03/22 00:00:00,-191
22/03/22 12:00:00,-191
23/03/22 00:00:00,-183
23/03/22 12:00:00,-188
24/03/22 00:00:00,-184
24/03/22 12:00:00,-182
25/03/22 00:00:00,-192
25/03/22 12:00:00,-200
26/03/22 00:00:00,-208
26/03/22 12:00:00,-209
27/03/22 00:00:00,-206
27/03/22 12:00:00,-208
28/03/22 00:00:00,-198
28/03/22 12:00:00,-190
29/03/22 00:00:00,-186
29/03/22 12:00:00,-188
30/03/22 00:00:00,-179
30/03/22 12:00:00,-178
31/03/22 00:00:00,-171
31/03/22 12:00:00,-173
01/04/22 00:00:00,-180
01/04/22 12:00:00,-177
02/04/22 00:00:00,-182
02/04/22 12:00:00,-183
03/04/22 00:00:00,-182
03/04/22 12:00:00,-192
04/04/22 00:00:00,-182
04/04/22 12:00:00,-191
05/04/22 00:00:00,-181
05/04/22 12:00:00,-184
06/04/22 00:00:00,-174
06/04/22 12:00:00,-179
07/04/22 00:00:00,-186
07/04/22 12:00:00,-176
08/04/22 00:00:00,-177
08/04/22 12:00:00,-167
09/04/22 00:00:00,-164
09/04/22 12:00:00,-163
10/04/22 00:00:00,-158
10/04/22 12:00:00,-150
11/04/22 00:00:00,-160
11/04/22 12:00:00,-160
12/04/22 00:00:00,-168
12/04/22 12:00:00,-178
13/04/22 00:00:00,-180
13/04/22 12:00:00,-177
14/04/22 00:00:00,-169
14/04/22 12:00:00,-173
15/04/22 00:00:00,-177
15/04/22 12:00:00,-179
16/04/22 00:00:00,-189
16/04/22 12:00:00,-193
17/04/22 00:00:00,-197
17/04/22 12:00:00,-205
18/04/22 00:00:00,-203
18/04/22 12:00:00,-206
19/04/22 00:00:00,-206
19/04/22 12:00:00,-196
20/04/22 00:00:00,-189
20/04/22 12:00:00,-199
21/04/22 00:00:00,-204
21/04/22 12:00:00,-194
22/04/22 00:00:00,-184
22/04/22 12:00:00,-184
23/04/22 00:00:00,-175
23/04/22 12:00:00,-170
24/04/22 00:00:00,-176
24/04/22 12:00:00,-185
25/04/22 00:00:00,-181
25/04/22 12:00:00,-190
26/04/22 00:00:00,-190
26/04/22 12:00:00,-199
27/04/22 00:00:00,-202
27/04/22 12:00:00,-193
28/04/22 00:00:00,-190
28/04/22 12:00:00,-181
29/04/22 00:00:00,-183
29/04/22 12:00:00,-185
30/04/22 00:00:00,-182
30/04/22 12:00:00,-183
01/05/22 00:00:00,-175
01/05/22 12:00:00,-181
02/05/22 00:00:00,-176
02/05/22 12:00:00,-173
03/05/22 00:00:00,-174
03/05/22 12:00:00,-169
04/05/22 00:00:00,-172
04/05/22 12:00:00,-163
05/05/22 00:00:00,-170
05/05/22 12:00:00,-177
06/05/22 00:00:00,-177
06/05/22 12:00:00,-178
07/05/22 00:00:00,-175
07/05/22 12:00:00,-171
08/05/22 00:00:00,-180
08/05/22 12:00:00,-178
09/05/22 00:00:00,-174
09/05/22 12:00:00,-168
10/05/22 00:00:00,-162
10/05/22 12:00:00,-170
11/05/22 00:00:00,-168
11/05/22 12:00:00,-158
12/05/22 00:00:00,-152
12/05/22 12:00:00,-161
13/05/22 00:00:00,-158
13/05/22 12:00:00,-153
14/05/22 00:00:00,-152
14/05/22 12:00:00,-156
15/05/22 00:00:00,-164
15/05/22 12:00:00,-159
16/05/22 00:00:00,-167
16/05/22 12:00:00,-164
17/05/22 00:00:00,-171
17/05/22 12:00:00,-172
18/05/22 00:00:00,-165
18/05/22 12:00:00,-164
19/05/22 00:00:00,-154
19/05/22 12:00:00,-145
20/05/22 00:00:00,-151
20/05/22 12:00:00,-144
21/05/22 00:00:00,-144
21/05/22 12:00:00,-138
22/05/22 00:00:00,-138
22/05/22 12:00:00,-145
23/05/22 00:00:00,-155
23/05/22 12:00:00,-150
24/05/22 00:00:00,-142
24/05/22 12:00:00,-135
25/05/22 00:00:00,-144
25/05/22 12:00:00,-148
26/05/22 00:00:00,-155
26/05/22 12:00:00,-161
27/05/22 00:00:00,-162
27/05/22 12:00:00,-159
28/05/22 00:00:00,-154
28/05/22 12:00:00,-154
29/05/22 00:00:00,-160
29/05/22 12:00:00,-153
30/05/22 00:00:00,-160
30/05/22 12:00:00,-168
31/05/22 00:00:00,-175
31/05/22 12:00:00,-168
01/06/22 00:00:00,-160
01/06/22 12:00:00,-156
02/06/22 00:00:00,-155
02/06/22 12:00:00,-159
03/06/22 00:00:00,-154
03/06/22 12:00:00,-162
04/06/22 00:00:00,-153
04/06/22 12:00:00,-153
05/06/22 00:00:00,-151
05/06/22 12:00:00,-160
06/06/22 00:00:00,-169
06/06/22 12:00:00,-172
07/06/22 00:00:00,-162
07/06/22 12:00:00,-171
08/06/22 00:00:00,-174
08/06/22 12:00:00,-184
09/06/22 00:00:00,-184
09/06/22 12:00:00,-174
10/06/22 00:00:00,-175
10/06/22 12:00:00,-171
11/06/22 00:00:00,-171
11/06/22 12:00:00,-163
12/06/22 00:00:00,-171
12/06/22 12:00:00,-171
13/06/22 00:00:00,-162
13/06/22 12:00:00,-155
14/06/22 00:00:00,-145
14/06/22 12:00:00,-135
15/06/22 00:00:00,-137
15/06/22 12:00:00,-137
16/06/22 00:00:00,-138
16/06/22 12:00:00,-142
17/06/22 00:00:00,-137
17/06/22 12:00:00,-131
18/06/22 00:00:00,-122
18/06/22 12:00:00,-129
19/06/22 00:00:00,-131
19/06/22 12:00:00,-126
20/06/22 00:00:00,-117
20/06/22 12:00:00,-112
21/06/22 00:00:00,-116
21/06/22 12:00:00,-121
22/06/22 00:00:00,-113
22/06/22 12:00:00,-115
23/06/22 00:00:00,-123
23/06/22 12:00:00,-132
24/06/22 00:00:00,-132
24/06/22 12:00:00,-133
25/06/22 00:00:00,-138
25/06/22 12:00:00,-133
26/06/22 00:00:00,-131
26/06/22 12:00:00,-138
27/06/22 00:00:00,-142
27/06/22 12:00:00,-151
28/06/22 00:00:00,-149
28/06/22 12:00:00,-157
29/06/22 00:00:00,-148
29/06/22 12:00:00,-158
30/06/22 00:00:00,-148
30/06/22 12:00:00,-147
01/07/22 00:00:00,-139
01/07/22 12:00:00,-148
02/07/22 00:00:00,-156
02/07/22 12:00:00,-159
03/07/22 00:00:00,-166
03/07/22 12:00:00,-172
04/07/22 00:00:00,-162
04/07/22 12:00:00,-155
05/07/22 00:00:00,-152
05/07/22 12:00:00,-149
06/07/22 00:00:00,-159
06/07/22 12:00:00,-163
07/07/22 00:00:00,-154
07/07/22 12:00:00,-161
08/07/22 00:00:00,-161
08/07/22 12:00:00,-151
09/07/22 00:00:00,-151
09/07/22 12:00:00,-151
10/07/22 00:00:00,-146
10/07/22 12:00:00,-143
11/07/22 00:00:00,-139
11/07/22 12:00:00,-141
12/07/22 00:00:00,-133
12/07/22 12:00:00,-140
13/07/22 00:00:00,-133
13/07/22 12:00:00,-123
14/07/22 00:00:00,-131
14/07/22 12:00:00,-121
15/07/22 00:00:00,-124
15/07/22 12:00:00,-129
16/07/22 00:00:00,-120
16/07/22 12:00:00,-114
17/07/22 00:00:00,-121
17/07/22 12:00:00,-120
18/07/22 00:00:00,-110
18/07/22 12:00:00,-113
19/07/22 00:00:00,-116
19/07/22 12:00:00,-108
20/07/22 00:00:00,-104
20/07/22 12:00:00,-107
21/07/22 00:00:00,-115
21/07/22 12:00:00,-118
22/07/22 00:00:00,-116
22/07/22 12:00:00,-119
23/07/22 00:00:00,-117
23/07/22 12:00:00,-114
24/07/22 00:00:00,-111
24/07/22 12:00:00,-101
25/07/22 00:00:00,-96
25/07/22 12:00:00,-95
26/07/22 00:00:00,-94
26/07/22 12:00:00,-94
27/07/22 00:00:00,-104
27/07/22 12:00:00,-103
28/07/22 00:00:00,-93
28/07/22 12:00:00,-87
29/07/22 00:00:00,-91
29/07/22 12:00:00,-94
30/07/22 00:00:00,-95
30/07/22 12:00:00,-96
31/07/22 00:00:00,-93
31/07/22 12:00:00,-99
01/08/22 00:00:00,-89
01/08/22 12:00:00,-79
02/08/22 00:00:00,-85
02/08/22 12:00:00,-75
03/08/22 00:00:00,-82
03/08/22 12:00:00,-81
04/08/22 00:00:00,-88
04/08/22 12:00:00,-87
05/08/22 00:00:00,-93
05/08/22 12:00:00,-101
06/08/22 00:00:00,-100
06/08/22 12:00:00,-93
07/08/22 00:00:00,-95
07/08/22 12:00:00,-99
08/08/22 00:00:00,-92
08/08/22 12:00:00,-93
09/08/22 00:00:00,-84
09/08/22 12:00:00,-90
10/08/22 00:00:00,-83
10/08/22 12:00:00,-73
11/08/22 00:00:00,-63
11/08/22 12:00:00,-55
12/08/22 00:00:00,-58
12/08/22 12:00:00,-54
13/08/22 00:00:00,-52
13/08/22 12:00:00,-48
14/08/22 00:00:00,-45
14/08/22 12:00:00,-51
15/08/22 00:00:00,-49
15/08/22 12:00:00,-41
16/08/22 00:00:00,-48
16/08/22 12:00:00,-44
17/08/22 00:00:00,-41
17/08/22 12:00:00,-42
18/08/22 00:00:00,-40
18/08/22 12:00:00,-42
19/08/22 00:00:00,-38
19/08/22 12:00:00,-36
20/08/22 00:00:00,-44
20/08/22 12:00:00,-42
21/08/22 00:00:00,-47
21/08/22 12:00:00,-44
22/08/22 00:00:00,-37
22/08/22 12:00:00,-41
23/08/22 00:00:00,-48
23/08/22 12:00:00,-43
24/08/22 00:00:00,-39
24/08/22 12:00:00,-48
25/08/22 00:00:00,-56
25/08/22 12:00:00,-60
26/08/22 00:00:00,-57
26/08/22 12:00:00,-61
27/08/22 00:00:00,-51
27/08/22 12:00:00,-51
28/08/22 00:00:00,-55
28/08/22 12:00:00,-48
29/08/22 00:00:00,-53
29/08/22 12:00:00,-61
30/08/22 00:00:00,-69
30/08/22 12:00:00,-73
31/08/22 00:00:00,-83
31/08/22 12:00:00,-90
01/09/22 00:00:00,-81
01/09/22 12:00:00,-78
02/09/22 00:00:00,-70
02/09/22 12:00:00,-75
03/09/22 00:00:00,-74
03/09/22 12:00:00,-82
04/09/22 00:00:00,-77
04/09/22 12:00:00,-79
05/09/22 00:00:00,-88
05/09/22 12:00:00,-97
06/09/22 00:00:00,-93
06/09/22 12:00:00,-94
07/09/22 00:00:00,-95
07/09/22 12:00:00,-104
08/09/22 00:00:00,-111
08/09/22 12:00:00,-115
09/09/22 00:00:00,-120
09/09/22 12:00:00,-115
10/09/22 00:00:00,-117
10/09/22 12:00:00,-114
11/09/22 00:00:00,-105
11/09/22 12:00:00,-111
12/09/22 00:00:00,-110
12/09/22 12:00:00,-108
13/09/22 00:00:00,-118
13/09/22 12:00:00,-117
14/09/22 00:00:00,-121
14/09/22 12:00:00,-113
15/09/22 00:00:00,-117
15/09/22 12:00:00,-117
16/09/22 00:00:00,-111
16/09/22 12:00:00,-119
17/09/22 00:00:00,-117
17/09/22 12:00:00,-117
18/09/22 00:00:00,-113
18/09/22 12:00:00,-104
19/09/22 00:00:00,-112
19/09/22 12:00:00,-109
20/09/22 00:00:00,-106
20/09/22 12:00:00,-105
21/09/22 00:00:00,-107
21/09/22 12:00:00,-114
22/09/22 00:00:00,-116
22/09/22 12:00:00,-110
23/09/22 00:00:00,-109
23/09/22 12:00:00,-99
24/09/22 00:00:00,-103
24/09/22 12:00:00,-104
25/09/22 00:00:00,-103
25/09/22 12:00:00,-100
26/09/22 00:00:00,-105
26/09/22 12:00:00,-100
27/09/22 00:00:00,-92
27/09/22 12:00:00,-94
28/09/22 00:00:00,-87
28/09/22 12:00:00,-86
29/09/22 00:00:00,-90
29/09/22 12:00:00,-91
30/09/22 00:00:00,-84
30/09/22 12:00:00,-78
01/10/22 00:00:00,-86
01/10/22 12:00:00,-95
02/10/22 00:00:00,-92
02/10/22 12:00:00,-96
03/10/22 00:00:00,-86
03/10/22 12:00:00,-83
04/10/22 00:00:00,-79
04/10/22 12:00:00,-86
05/10/22 00:00:00,-83
05/10/22 12:00:00,-76
06/10/22 00:00:00,-77
06/10/22 12:00:00,-73
07/10/22 00:00:00,-73
07/10/22 12:00:00,-78
08/10/22 00:00:00,-71
08/10/22 12:00:00,-70
09/10/22 00:00:00,-69
09/10/22 12:00:00,-62
10/10/22 00:00:00,-60
10/10/22 12:00:00,-53
11/10/22 00:00:00,-45
11/10/22 12:00:00,-53
12/10/22 00:00:00,-47
12/10/22 12:00:00,-38
13/10/22 00:00:00,-30
13/10/22 12:00:00,-27
14/10/22 00:00:00,-29
14/10/22 12:00:00,-19
15/10/22 00:00:00,-13
15/10/22 12:00:00,-17
16/10/22 00:00:00,-10
16/10/22 12:00:00,-8
17/10/22 00:00:00,-2
17/10/22 12:00:00,-3
18/10/22 00:00:00,-8
18/10/22 12:00:00,-5
19/10/22 00:00:00,-14
19/10/22 12:00:00,-18
20/10/22 00:00:00,-26
20/10/22 12:00:00,-23
21/10/22 00:00:00,-33
21/10/22 12:00:00,-39
